"","Mean Temperature","Variance in Temperature","Median Temperature","Minimum Temperature","Maximum Temperature"
"Evora",14.9171508915162,34.2731302942595,14.625,2.93,30.192
"Jaca",11.0475554613189,44.3551800060917,10.247,0.079,30.798
"Murcia",16.2252426952605,54.9413290821775,15.605,0.024,33.6
"Penalara",7.34626189981293,36.1609862248241,4.792,0.024,21.199
"Porto",12.6509692997074,35.5832003204805,12.025,1,24.992
"Toledo",13.4655318036353,55.0809706208876,12,0.356,33.6
